{
  "edges": [
    {
      "edge_length": 0.0030869082749163113,
      "edge_stress": 0.3516467982942548,
      "edge_u": 179,
      "edge_v": 388,
      "stress_penalty": 0.030944918249894423
    },
    {
      "edge_length": 0.0007651146757794436,
      "edge_stress": 0.35241675953111906,
      "edge_u": 388,
      "edge_v": 387,
      "stress_penalty": 0.031012674838738475
    }
  ],
  "intersections": [
    {
      "base_source": "blend_idw_voronoi",
      "base_stress": 0.3351910710334778,
      "blend_components": {
        "idw": 0.3170894774510033,
        "lambda": 0.975,
        "voronoi": 1.6300283297896385
      },
      "blend_lambda": 0.975,
      "blended_total_stress": 0.3499129487594692,
      "camera_id": "b0cbb042-de0a-449f-b5d1-49f68a9bf2ae",
      "coord": [
        -73.98924341991618,
        40.75289546416634
      ],
      "fallback_used": false,
      "idw_stress": 0.3170894774510033,
      "neighbor_stress": 0.6060873866081238,
      "neighbor_summary": {
        "count": 4,
        "total": 0.6060873866081238
      },
      "node_id": 179,
      "second_order_stress": 0.688749872148037,
      "second_order_summary": {
        "count": 10,
        "total": 0.688749872148037
      },
      "stress_path_id": "intersection_stress:blend_idw_voronoi",
      "stress_source_key": "normalized_stress",
      "total_stress": 0.3499129487594692,
      "voronoi_total_stress": 1.6300283297896385,
      "zone_index": 6
    },
    {
      "base_source": "blend_idw_voronoi",
      "base_stress": 0.2757643163204193,
      "blend_components": {
        "idw": 0.30440659206480497,
        "lambda": 0.975,
        "voronoi": 2.26336882263422
      },
      "blend_lambda": 0.975,
      "blended_total_stress": 0.3533806478290404,
      "camera_id": "f06979b2-3497-4330-9882-a06c8a442b7c",
      "coord": [
        -73.98639930861408,
        40.751699985312676
      ],
      "fallback_used": false,
      "idw_stress": 0.30440659206480497,
      "neighbor_stress": 0.9831224679946899,
      "neighbor_summary": {
        "count": 7,
        "total": 0.9831224679946899
      },
      "node_id": 388,
      "second_order_stress": 1.0044820383191109,
      "second_order_summary": {
        "count": 13,
        "total": 1.0044820383191109
      },
      "stress_path_id": "intersection_stress:blend_idw_voronoi",
      "stress_source_key": "normalized_stress",
      "total_stress": 0.3533806478290404,
      "voronoi_total_stress": 2.26336882263422,
      "zone_index": 3
    },
    {
      "base_source": "blend_idw_voronoi",
      "base_stress": 0.2757643163204193,
      "blend_components": {
        "idw": 0.3024293852998381,
        "lambda": 0.975,
        "voronoi": 2.26336882263422
      },
      "blend_lambda": 0.975,
      "blended_total_stress": 0.3514528712331977,
      "camera_id": "f06979b2-3497-4330-9882-a06c8a442b7c",
      "coord": [
        -73.98684991118436,
        40.7510816792154
      ],
      "fallback_used": false,
      "idw_stress": 0.3024293852998381,
      "neighbor_stress": 0.9831224679946899,
      "neighbor_summary": {
        "count": 7,
        "total": 0.9831224679946899
      },
      "node_id": 387,
      "second_order_stress": 1.0044820383191109,
      "second_order_summary": {
        "count": 13,
        "total": 1.0044820383191109
      },
      "stress_path_id": "intersection_stress:blend_idw_voronoi",
      "stress_source_key": "normalized_stress",
      "total_stress": 0.3514528712331977,
      "voronoi_total_stress": 2.26336882263422,
      "zone_index": 3
    }
  ],
  "stress_path_id": "intersection_stress:blend_idw_voronoi",
  "stress_source_key": "normalized_stress"
}