{
  "edges": [
    {
      "edge_length": 0.005300362387046675,
      "edge_stress": 0.3025854722061438,
      "edge_u": 116,
      "edge_v": 394,
      "stress_penalty": 0.02662752155414065
    },
    {
      "edge_length": 0.0010815921228157777,
      "edge_stress": 0.29409906485957993,
      "edge_u": 394,
      "edge_v": 395,
      "stress_penalty": 0.025880717707643032
    }
  ],
  "intersections": [
    {
      "base_source": "blend_idw_voronoi",
      "base_stress": 0.26144230365753174,
      "blend_components": {
        "idw": 0.30402684236847516,
        "lambda": 1.0,
        "voronoi": 1.5249705836176872
      },
      "blend_lambda": 1.0,
      "blended_total_stress": 0.30402684236847516,
      "camera_id": "f2964d50-042c-4021-8b52-992c08c6ff6f",
      "coord": [
        -73.99252855997325,
        40.753473912596725
      ],
      "fallback_used": false,
      "idw_stress": 0.30402684236847516,
      "neighbor_stress": 0.8154659271240234,
      "neighbor_summary": {
        "count": 5,
        "total": 0.8154659271240234
      },
      "node_id": 116,
      "second_order_stress": 0.44806235283613205,
      "second_order_summary": {
        "count": 8,
        "total": 0.44806235283613205
      },
      "stress_path_id": "intersection_stress:blend_idw_voronoi",
      "stress_source_key": "normalized_stress",
      "total_stress": 0.30402684236847516,
      "voronoi_total_stress": 1.5249705836176872,
      "zone_index": 7
    },
    {
      "base_source": "blend_idw_voronoi",
      "base_stress": 0.2757643163204193,
      "blend_components": {
        "idw": 0.3011441020438124,
        "lambda": 1.0,
        "voronoi": 2.26336882263422
      },
      "blend_lambda": 1.0,
      "blended_total_stress": 0.3011441020438124,
      "camera_id": "f06979b2-3497-4330-9882-a06c8a442b7c",
      "coord": [
        -73.98764453794713,
        40.75141923174593
      ],
      "fallback_used": false,
      "idw_stress": 0.3011441020438124,
      "neighbor_stress": 0.9831224679946899,
      "neighbor_summary": {
        "count": 7,
        "total": 0.9831224679946899
      },
      "node_id": 394,
      "second_order_stress": 1.0044820383191109,
      "second_order_summary": {
        "count": 13,
        "total": 1.0044820383191109
      },
      "stress_path_id": "intersection_stress:blend_idw_voronoi",
      "stress_source_key": "normalized_stress",
      "total_stress": 0.3011441020438124,
      "voronoi_total_stress": 2.26336882263422,
      "zone_index": 3
    },
    {
      "base_source": "blend_idw_voronoi",
      "base_stress": 0.3351910710334778,
      "blend_components": {
        "idw": 0.2870540276753474,
        "lambda": 1.0,
        "voronoi": 1.6300283297896385
      },
      "blend_lambda": 1.0,
      "blended_total_stress": 0.2870540276753474,
      "camera_id": "b0cbb042-de0a-449f-b5d1-49f68a9bf2ae",
      "coord": [
        -73.98749101867483,
        40.752158934720185
      ],
      "fallback_used": false,
      "idw_stress": 0.2870540276753474,
      "neighbor_stress": 0.6060873866081238,
      "neighbor_summary": {
        "count": 4,
        "total": 0.6060873866081238
      },
      "node_id": 395,
      "second_order_stress": 0.688749872148037,
      "second_order_summary": {
        "count": 10,
        "total": 0.688749872148037
      },
      "stress_path_id": "intersection_stress:blend_idw_voronoi",
      "stress_source_key": "normalized_stress",
      "total_stress": 0.2870540276753474,
      "voronoi_total_stress": 1.6300283297896385,
      "zone_index": 6
    }
  ],
  "stress_path_id": "intersection_stress:blend_idw_voronoi",
  "stress_source_key": "normalized_stress"
}