{
  "edges": [
    {
      "edge_length": 0.000773844606271723,
      "edge_stress": 1.5476696977753264,
      "edge_u": 175,
      "edge_v": 179,
      "stress_penalty": 0.13619493340422872
    },
    {
      "edge_length": 0.0007631427606469288,
      "edge_stress": 1.2439725145359473,
      "edge_u": 179,
      "edge_v": 178,
      "stress_penalty": 0.10946958127916336
    },
    {
      "edge_length": 0.0030868379352853026,
      "edge_stress": 1.464965474583616,
      "edge_u": 178,
      "edge_v": 387,
      "stress_penalty": 0.1289169617633582
    }
  ],
  "intersections": [
    {
      "base_source": "blend_idw_voronoi",
      "base_stress": 0.3561146557331085,
      "blend_components": {
        "idw": 0.3173706631754951,
        "lambda": 0.2953,
        "voronoi": 2.4965266808867455
      },
      "blend_lambda": 0.2953,
      "blended_total_stress": 1.853021908856613,
      "camera_id": "5d055599-875a-4010-991f-e7e454889052",
      "coord": [
        -73.98878655070159,
        40.75351677843798
      ],
      "fallback_used": false,
      "idw_stress": 0.3173706631754951,
      "neighbor_stress": 1.3709691762924194,
      "neighbor_summary": {
        "count": 9,
        "total": 1.3709691762924194
      },
      "node_id": 175,
      "second_order_stress": 0.7694428488612175,
      "second_order_summary": {
        "count": 13,
        "total": 0.7694428488612175
      },
      "stress_path_id": "intersection_stress:blend_idw_voronoi",
      "stress_source_key": "normalized_stress",
      "total_stress": 1.853021908856613,
      "voronoi_total_stress": 2.4965266808867455,
      "zone_index": 14
    },
    {
      "base_source": "blend_idw_voronoi",
      "base_stress": 0.3351910710334778,
      "blend_components": {
        "idw": 0.3170894774510033,
        "lambda": 0.2953,
        "voronoi": 1.6300283297896385
      },
      "blend_lambda": 0.2953,
      "blended_total_stress": 1.2423174866940394,
      "camera_id": "b0cbb042-de0a-449f-b5d1-49f68a9bf2ae",
      "coord": [
        -73.98924341991618,
        40.75289546416634
      ],
      "fallback_used": false,
      "idw_stress": 0.3170894774510033,
      "neighbor_stress": 0.6060873866081238,
      "neighbor_summary": {
        "count": 4,
        "total": 0.6060873866081238
      },
      "node_id": 179,
      "second_order_stress": 0.688749872148037,
      "second_order_summary": {
        "count": 10,
        "total": 0.688749872148037
      },
      "stress_path_id": "intersection_stress:blend_idw_voronoi",
      "stress_source_key": "normalized_stress",
      "total_stress": 1.2423174866940394,
      "voronoi_total_stress": 1.6300283297896385,
      "zone_index": 6
    },
    {
      "base_source": "blend_idw_voronoi",
      "base_stress": 0.3351910710334778,
      "blend_components": {
        "idw": 0.32829860607889255,
        "lambda": 0.2953,
        "voronoi": 1.6300283297896385
      },
      "blend_lambda": 0.2953,
      "blended_total_stress": 1.2456275423778551,
      "camera_id": "b0cbb042-de0a-449f-b5d1-49f68a9bf2ae",
      "coord": [
        -73.98969328136359,
        40.75228026273499
      ],
      "fallback_used": false,
      "idw_stress": 0.32829860607889255,
      "neighbor_stress": 0.6060873866081238,
      "neighbor_summary": {
        "count": 4,
        "total": 0.6060873866081238
      },
      "node_id": 178,
      "second_order_stress": 0.688749872148037,
      "second_order_summary": {
        "count": 10,
        "total": 0.688749872148037
      },
      "stress_path_id": "intersection_stress:blend_idw_voronoi",
      "stress_source_key": "normalized_stress",
      "total_stress": 1.2456275423778551,
      "voronoi_total_stress": 1.6300283297896385,
      "zone_index": 6
    },
    {
      "base_source": "blend_idw_voronoi",
      "base_stress": 0.2757643163204193,
      "blend_components": {
        "idw": 0.3024293852998381,
        "lambda": 0.2953,
        "voronoi": 2.26336882263422
      },
      "blend_lambda": 0.2953,
      "blended_total_stress": 1.684303406789377,
      "camera_id": "f06979b2-3497-4330-9882-a06c8a442b7c",
      "coord": [
        -73.98684991118436,
        40.7510816792154
      ],
      "fallback_used": false,
      "idw_stress": 0.3024293852998381,
      "neighbor_stress": 0.9831224679946899,
      "neighbor_summary": {
        "count": 7,
        "total": 0.9831224679946899
      },
      "node_id": 387,
      "second_order_stress": 1.0044820383191109,
      "second_order_summary": {
        "count": 13,
        "total": 1.0044820383191109
      },
      "stress_path_id": "intersection_stress:blend_idw_voronoi",
      "stress_source_key": "normalized_stress",
      "total_stress": 1.684303406789377,
      "voronoi_total_stress": 2.26336882263422,
      "zone_index": 3
    }
  ],
  "stress_path_id": "intersection_stress:blend_idw_voronoi",
  "stress_source_key": "normalized_stress"
}