{
  "edges": [
    {
      "edge_length": 0.0011848850432585323,
      "edge_stress": 0.33188651490296284,
      "edge_u": 395,
      "edge_v": 388,
      "stress_penalty": 0.029206013311460728
    },
    {
      "edge_length": 0.0007672799501321492,
      "edge_stress": 0.357457185684277,
      "edge_u": 388,
      "edge_v": 383,
      "stress_penalty": 0.03145623234021637
    }
  ],
  "intersections": [
    {
      "base_source": "blend_idw_voronoi",
      "base_stress": 0.3351910710334778,
      "blend_components": {
        "idw": 0.2870540276753474,
        "lambda": 0.9781,
        "voronoi": 1.6300283297896385
      },
      "blend_lambda": 0.9781,
      "blended_total_stress": 0.31646516489165044,
      "camera_id": "b0cbb042-de0a-449f-b5d1-49f68a9bf2ae",
      "coord": [
        -73.98749101867483,
        40.752158934720185
      ],
      "fallback_used": false,
      "idw_stress": 0.2870540276753474,
      "neighbor_stress": 0.6060873866081238,
      "neighbor_summary": {
        "count": 4,
        "total": 0.6060873866081238
      },
      "node_id": 395,
      "second_order_stress": 0.688749872148037,
      "second_order_summary": {
        "count": 10,
        "total": 0.688749872148037
      },
      "stress_path_id": "intersection_stress:blend_idw_voronoi",
      "stress_source_key": "normalized_stress",
      "total_stress": 0.31646516489165044,
      "voronoi_total_stress": 1.6300283297896385,
      "zone_index": 6
    },
    {
      "base_source": "blend_idw_voronoi",
      "base_stress": 0.2757643163204193,
      "blend_components": {
        "idw": 0.30440659206480497,
        "lambda": 0.9781,
        "voronoi": 2.26336882263422
      },
      "blend_lambda": 0.9781,
      "blended_total_stress": 0.34730786491427523,
      "camera_id": "f06979b2-3497-4330-9882-a06c8a442b7c",
      "coord": [
        -73.98639930861408,
        40.751699985312676
      ],
      "fallback_used": false,
      "idw_stress": 0.30440659206480497,
      "neighbor_stress": 0.9831224679946899,
      "neighbor_summary": {
        "count": 7,
        "total": 0.9831224679946899
      },
      "node_id": 388,
      "second_order_stress": 1.0044820383191109,
      "second_order_summary": {
        "count": 13,
        "total": 1.0044820383191109
      },
      "stress_path_id": "intersection_stress:blend_idw_voronoi",
      "stress_source_key": "normalized_stress",
      "total_stress": 0.34730786491427523,
      "voronoi_total_stress": 2.26336882263422,
      "zone_index": 3
    },
    {
      "base_source": "blend_idw_voronoi",
      "base_stress": 0.3561146557331085,
      "blend_components": {
        "idw": 0.31993924153241887,
        "lambda": 0.9781,
        "voronoi": 2.4965266808867455
      },
      "blend_lambda": 0.9781,
      "blended_total_stress": 0.3676065064542787,
      "camera_id": "5d055599-875a-4010-991f-e7e454889052",
      "coord": [
        -73.98594653100483,
        40.75231680529444
      ],
      "fallback_used": false,
      "idw_stress": 0.31993924153241887,
      "neighbor_stress": 1.3709691762924194,
      "neighbor_summary": {
        "count": 9,
        "total": 1.3709691762924194
      },
      "node_id": 383,
      "second_order_stress": 0.7694428488612175,
      "second_order_summary": {
        "count": 13,
        "total": 0.7694428488612175
      },
      "stress_path_id": "intersection_stress:blend_idw_voronoi",
      "stress_source_key": "normalized_stress",
      "total_stress": 0.3676065064542787,
      "voronoi_total_stress": 2.4965266808867455,
      "zone_index": 14
    }
  ],
  "stress_path_id": "intersection_stress:blend_idw_voronoi",
  "stress_source_key": "normalized_stress"
}