{
  "edges": [
    {
      "edge_length": 0.001060220293972236,
      "edge_stress": 0.32315616024955574,
      "edge_u": 395,
      "edge_v": 391,
      "stress_penalty": 0.028437742101960903
    },
    {
      "edge_length": 0.001481700074435821,
      "edge_stress": 0.3474347306681478,
      "edge_u": 391,
      "edge_v": 383,
      "stress_penalty": 0.030574256298797002
    }
  ],
  "intersections": [
    {
      "base_source": "blend_idw_voronoi",
      "base_stress": 0.3351910710334778,
      "blend_components": {
        "idw": 0.2870540276753474,
        "lambda": 0.9812,
        "voronoi": 1.6300283297896385
      },
      "blend_lambda": 0.9812,
      "blended_total_stress": 0.31230194455509613,
      "camera_id": "b0cbb042-de0a-449f-b5d1-49f68a9bf2ae",
      "coord": [
        -73.98749101867483,
        40.752158934720185
      ],
      "fallback_used": false,
      "idw_stress": 0.2870540276753474,
      "neighbor_stress": 0.6060873866081238,
      "neighbor_summary": {
        "count": 4,
        "total": 0.6060873866081238
      },
      "node_id": 395,
      "second_order_stress": 0.688749872148037,
      "second_order_summary": {
        "count": 10,
        "total": 0.688749872148037
      },
      "stress_path_id": "intersection_stress:blend_idw_voronoi",
      "stress_source_key": "normalized_stress",
      "total_stress": 0.31230194455509613,
      "voronoi_total_stress": 1.6300283297896385,
      "zone_index": 6
    },
    {
      "base_source": "blend_idw_voronoi",
      "base_stress": 0.3561146557331085,
      "blend_components": {
        "idw": 0.2925761051195927,
        "lambda": 0.9812,
        "voronoi": 2.4965266808867455
      },
      "blend_lambda": 0.9812,
      "blended_total_stress": 0.3340103759440153,
      "camera_id": "5d055599-875a-4010-991f-e7e454889052",
      "coord": [
        -73.98731032078743,
        40.75289242273276
      ],
      "fallback_used": false,
      "idw_stress": 0.2925761051195927,
      "neighbor_stress": 1.3709691762924194,
      "neighbor_summary": {
        "count": 9,
        "total": 1.3709691762924194
      },
      "node_id": 391,
      "second_order_stress": 0.7694428488612175,
      "second_order_summary": {
        "count": 13,
        "total": 0.7694428488612175
      },
      "stress_path_id": "intersection_stress:blend_idw_voronoi",
      "stress_source_key": "normalized_stress",
      "total_stress": 0.3340103759440153,
      "voronoi_total_stress": 2.4965266808867455,
      "zone_index": 14
    },
    {
      "base_source": "blend_idw_voronoi",
      "base_stress": 0.3561146557331085,
      "blend_components": {
        "idw": 0.31993924153241887,
        "lambda": 0.9812,
        "voronoi": 2.4965266808867455
      },
      "blend_lambda": 0.9812,
      "blended_total_stress": 0.3608590853922803,
      "camera_id": "5d055599-875a-4010-991f-e7e454889052",
      "coord": [
        -73.98594653100483,
        40.75231680529444
      ],
      "fallback_used": false,
      "idw_stress": 0.31993924153241887,
      "neighbor_stress": 1.3709691762924194,
      "neighbor_summary": {
        "count": 9,
        "total": 1.3709691762924194
      },
      "node_id": 383,
      "second_order_stress": 0.7694428488612175,
      "second_order_summary": {
        "count": 13,
        "total": 0.7694428488612175
      },
      "stress_path_id": "intersection_stress:blend_idw_voronoi",
      "stress_source_key": "normalized_stress",
      "total_stress": 0.3608590853922803,
      "voronoi_total_stress": 2.4965266808867455,
      "zone_index": 14
    }
  ],
  "stress_path_id": "intersection_stress:blend_idw_voronoi",
  "stress_source_key": "normalized_stress"
}