{
  "edges": [
    {
      "edge_length": 0.0007683476269662037,
      "edge_stress": 1.0570112638267228,
      "edge_u": 91,
      "edge_v": 116,
      "stress_penalty": 0.09301699121675161
    },
    {
      "edge_length": 0.0007637585145943149,
      "edge_stress": 1.0604146984685205,
      "edge_u": 116,
      "edge_v": 118,
      "stress_penalty": 0.0933164934652298
    },
    {
      "edge_length": 0.0030789261248500566,
      "edge_stress": 1.095409303380852,
      "edge_u": 118,
      "edge_v": 179,
      "stress_penalty": 0.09639601869751498
    }
  ],
  "intersections": [
    {
      "base_source": "blend_idw_voronoi",
      "base_stress": 0.26144230365753174,
      "blend_components": {
        "idw": 0.29072376982511394,
        "lambda": 0.3812,
        "voronoi": 1.5249705836176872
      },
      "blend_lambda": 0.3812,
      "blended_total_stress": 1.0544756981999583,
      "camera_id": "f2964d50-042c-4021-8b52-992c08c6ff6f",
      "coord": [
        -73.9929793783949,
        40.75285340257386
      ],
      "fallback_used": false,
      "idw_stress": 0.29072376982511394,
      "neighbor_stress": 0.8154659271240234,
      "neighbor_summary": {
        "count": 5,
        "total": 0.8154659271240234
      },
      "node_id": 91,
      "second_order_stress": 0.44806235283613205,
      "second_order_summary": {
        "count": 8,
        "total": 0.44806235283613205
      },
      "stress_path_id": "intersection_stress:blend_idw_voronoi",
      "stress_source_key": "normalized_stress",
      "total_stress": 1.0544756981999583,
      "voronoi_total_stress": 1.5249705836176872,
      "zone_index": 7
    },
    {
      "base_source": "blend_idw_voronoi",
      "base_stress": 0.26144230365753174,
      "blend_components": {
        "idw": 0.30402684236847516,
        "lambda": 0.3812,
        "voronoi": 1.5249705836176872
      },
      "blend_lambda": 0.3812,
      "blended_total_stress": 1.0595468294534875,
      "camera_id": "f2964d50-042c-4021-8b52-992c08c6ff6f",
      "coord": [
        -73.99252855997325,
        40.753473912596725
      ],
      "fallback_used": false,
      "idw_stress": 0.30402684236847516,
      "neighbor_stress": 0.8154659271240234,
      "neighbor_summary": {
        "count": 5,
        "total": 0.8154659271240234
      },
      "node_id": 116,
      "second_order_stress": 0.44806235283613205,
      "second_order_summary": {
        "count": 8,
        "total": 0.44806235283613205
      },
      "stress_path_id": "intersection_stress:blend_idw_voronoi",
      "stress_source_key": "normalized_stress",
      "total_stress": 1.0595468294534875,
      "voronoi_total_stress": 1.5249705836176872,
      "zone_index": 7
    },
    {
      "base_source": "blend_idw_voronoi",
      "base_stress": 0.26144230365753174,
      "blend_components": {
        "idw": 0.30858019501817535,
        "lambda": 0.3812,
        "voronoi": 1.5249705836176872
      },
      "blend_lambda": 0.3812,
      "blended_total_stress": 1.0612825674835533,
      "camera_id": "f2964d50-042c-4021-8b52-992c08c6ff6f",
      "coord": [
        -73.99207900061595,
        40.754091115131246
      ],
      "fallback_used": false,
      "idw_stress": 0.30858019501817535,
      "neighbor_stress": 0.8154659271240234,
      "neighbor_summary": {
        "count": 5,
        "total": 0.8154659271240234
      },
      "node_id": 118,
      "second_order_stress": 0.44806235283613205,
      "second_order_summary": {
        "count": 8,
        "total": 0.44806235283613205
      },
      "stress_path_id": "intersection_stress:blend_idw_voronoi",
      "stress_source_key": "normalized_stress",
      "total_stress": 1.0612825674835533,
      "voronoi_total_stress": 1.5249705836176872,
      "zone_index": 7
    },
    {
      "base_source": "blend_idw_voronoi",
      "base_stress": 0.3351910710334778,
      "blend_components": {
        "idw": 0.3170894774510033,
        "lambda": 0.3812,
        "voronoi": 1.6300283297896385
      },
      "blend_lambda": 0.3812,
      "blended_total_stress": 1.1295360392781508,
      "camera_id": "b0cbb042-de0a-449f-b5d1-49f68a9bf2ae",
      "coord": [
        -73.98924341991618,
        40.75289546416634
      ],
      "fallback_used": false,
      "idw_stress": 0.3170894774510033,
      "neighbor_stress": 0.6060873866081238,
      "neighbor_summary": {
        "count": 4,
        "total": 0.6060873866081238
      },
      "node_id": 179,
      "second_order_stress": 0.688749872148037,
      "second_order_summary": {
        "count": 10,
        "total": 0.688749872148037
      },
      "stress_path_id": "intersection_stress:blend_idw_voronoi",
      "stress_source_key": "normalized_stress",
      "total_stress": 1.1295360392781508,
      "voronoi_total_stress": 1.6300283297896385,
      "zone_index": 6
    }
  ],
  "stress_path_id": "intersection_stress:blend_idw_voronoi",
  "stress_source_key": "normalized_stress"
}