{
  "edges": [
    {
      "edge_length": 0.0007637585145943149,
      "edge_stress": 1.0375037576479422,
      "edge_u": 116,
      "edge_v": 118,
      "stress_penalty": 0.09130033067301892
    },
    {
      "edge_length": 0.004978388379541343,
      "edge_stress": 1.0656265185609022,
      "edge_u": 118,
      "edge_v": 395,
      "stress_penalty": 0.09377513363335939
    }
  ],
  "intersections": [
    {
      "base_source": "blend_idw_voronoi",
      "base_stress": 0.26144230365753174,
      "blend_components": {
        "idw": 0.30402684236847516,
        "lambda": 0.4,
        "voronoi": 1.5249705836176872
      },
      "blend_lambda": 0.4,
      "blended_total_stress": 1.0365930871180022,
      "camera_id": "f2964d50-042c-4021-8b52-992c08c6ff6f",
      "coord": [
        -73.99252855997325,
        40.753473912596725
      ],
      "fallback_used": false,
      "idw_stress": 0.30402684236847516,
      "neighbor_stress": 0.8154659271240234,
      "neighbor_summary": {
        "count": 5,
        "total": 0.8154659271240234
      },
      "node_id": 116,
      "second_order_stress": 0.44806235283613205,
      "second_order_summary": {
        "count": 8,
        "total": 0.44806235283613205
      },
      "stress_path_id": "intersection_stress:blend_idw_voronoi",
      "stress_source_key": "normalized_stress",
      "total_stress": 1.0365930871180022,
      "voronoi_total_stress": 1.5249705836176872,
      "zone_index": 7
    },
    {
      "base_source": "blend_idw_voronoi",
      "base_stress": 0.26144230365753174,
      "blend_components": {
        "idw": 0.30858019501817535,
        "lambda": 0.4,
        "voronoi": 1.5249705836176872
      },
      "blend_lambda": 0.4,
      "blended_total_stress": 1.0384144281778824,
      "camera_id": "f2964d50-042c-4021-8b52-992c08c6ff6f",
      "coord": [
        -73.99207900061595,
        40.754091115131246
      ],
      "fallback_used": false,
      "idw_stress": 0.30858019501817535,
      "neighbor_stress": 0.8154659271240234,
      "neighbor_summary": {
        "count": 5,
        "total": 0.8154659271240234
      },
      "node_id": 118,
      "second_order_stress": 0.44806235283613205,
      "second_order_summary": {
        "count": 8,
        "total": 0.44806235283613205
      },
      "stress_path_id": "intersection_stress:blend_idw_voronoi",
      "stress_source_key": "normalized_stress",
      "total_stress": 1.0384144281778824,
      "voronoi_total_stress": 1.5249705836176872,
      "zone_index": 7
    },
    {
      "base_source": "blend_idw_voronoi",
      "base_stress": 0.3351910710334778,
      "blend_components": {
        "idw": 0.2870540276753474,
        "lambda": 0.4,
        "voronoi": 1.6300283297896385
      },
      "blend_lambda": 0.4,
      "blended_total_stress": 1.092838608943922,
      "camera_id": "b0cbb042-de0a-449f-b5d1-49f68a9bf2ae",
      "coord": [
        -73.98749101867483,
        40.752158934720185
      ],
      "fallback_used": false,
      "idw_stress": 0.2870540276753474,
      "neighbor_stress": 0.6060873866081238,
      "neighbor_summary": {
        "count": 4,
        "total": 0.6060873866081238
      },
      "node_id": 395,
      "second_order_stress": 0.688749872148037,
      "second_order_summary": {
        "count": 10,
        "total": 0.688749872148037
      },
      "stress_path_id": "intersection_stress:blend_idw_voronoi",
      "stress_source_key": "normalized_stress",
      "total_stress": 1.092838608943922,
      "voronoi_total_stress": 1.6300283297896385,
      "zone_index": 6
    }
  ],
  "stress_path_id": "intersection_stress:blend_idw_voronoi",
  "stress_source_key": "normalized_stress"
}