{
  "edges": [
    {
      "edge_length": 0.0007746472337615273,
      "edge_stress": 0.3357725613456123,
      "edge_u": 385,
      "edge_v": 383,
      "stress_penalty": 0.02954798539841388
    },
    {
      "edge_length": 0.0007672799501321492,
      "edge_stress": 0.3121729167986119,
      "edge_u": 383,
      "edge_v": 388,
      "stress_penalty": 0.027471216678277847
    },
    {
      "edge_length": 0.0030869082749163113,
      "edge_stress": 0.31074803475790413,
      "edge_u": 388,
      "edge_v": 179,
      "stress_penalty": 0.027345827058695562
    }
  ],
  "intersections": [
    {
      "base_source": "blend_idw_voronoi",
      "base_stress": 0.33834394812583923,
      "blend_components": {
        "idw": 0.35160588115880564,
        "lambda": 1.0,
        "voronoi": 2.8867505118250847
      },
      "blend_lambda": 1.0,
      "blended_total_stress": 0.35160588115880564,
      "camera_id": "c34ca47e-e375-4b9f-a8d7-f9737566b783",
      "coord": [
        -73.98548819097519,
        40.75293517881572
      ],
      "fallback_used": false,
      "idw_stress": 0.35160588115880564,
      "neighbor_stress": 1.077209159731865,
      "neighbor_summary": {
        "count": 7,
        "total": 1.077209159731865
      },
      "node_id": 385,
      "second_order_stress": 1.4711974039673805,
      "second_order_summary": {
        "count": 20,
        "total": 1.4711974039673805
      },
      "stress_path_id": "intersection_stress:blend_idw_voronoi",
      "stress_source_key": "normalized_stress",
      "total_stress": 0.35160588115880564,
      "voronoi_total_stress": 2.8867505118250847,
      "zone_index": 16
    },
    {
      "base_source": "blend_idw_voronoi",
      "base_stress": 0.3561146557331085,
      "blend_components": {
        "idw": 0.31993924153241887,
        "lambda": 1.0,
        "voronoi": 2.4965266808867455
      },
      "blend_lambda": 1.0,
      "blended_total_stress": 0.31993924153241887,
      "camera_id": "5d055599-875a-4010-991f-e7e454889052",
      "coord": [
        -73.98594653100483,
        40.75231680529444
      ],
      "fallback_used": false,
      "idw_stress": 0.31993924153241887,
      "neighbor_stress": 1.3709691762924194,
      "neighbor_summary": {
        "count": 9,
        "total": 1.3709691762924194
      },
      "node_id": 383,
      "second_order_stress": 0.7694428488612175,
      "second_order_summary": {
        "count": 13,
        "total": 0.7694428488612175
      },
      "stress_path_id": "intersection_stress:blend_idw_voronoi",
      "stress_source_key": "normalized_stress",
      "total_stress": 0.31993924153241887,
      "voronoi_total_stress": 2.4965266808867455,
      "zone_index": 14
    },
    {
      "base_source": "blend_idw_voronoi",
      "base_stress": 0.2757643163204193,
      "blend_components": {
        "idw": 0.30440659206480497,
        "lambda": 1.0,
        "voronoi": 2.26336882263422
      },
      "blend_lambda": 1.0,
      "blended_total_stress": 0.30440659206480497,
      "camera_id": "f06979b2-3497-4330-9882-a06c8a442b7c",
      "coord": [
        -73.98639930861408,
        40.751699985312676
      ],
      "fallback_used": false,
      "idw_stress": 0.30440659206480497,
      "neighbor_stress": 0.9831224679946899,
      "neighbor_summary": {
        "count": 7,
        "total": 0.9831224679946899
      },
      "node_id": 388,
      "second_order_stress": 1.0044820383191109,
      "second_order_summary": {
        "count": 13,
        "total": 1.0044820383191109
      },
      "stress_path_id": "intersection_stress:blend_idw_voronoi",
      "stress_source_key": "normalized_stress",
      "total_stress": 0.30440659206480497,
      "voronoi_total_stress": 2.26336882263422,
      "zone_index": 3
    },
    {
      "base_source": "blend_idw_voronoi",
      "base_stress": 0.3351910710334778,
      "blend_components": {
        "idw": 0.3170894774510033,
        "lambda": 1.0,
        "voronoi": 1.6300283297896385
      },
      "blend_lambda": 1.0,
      "blended_total_stress": 0.3170894774510033,
      "camera_id": "b0cbb042-de0a-449f-b5d1-49f68a9bf2ae",
      "coord": [
        -73.98924341991618,
        40.75289546416634
      ],
      "fallback_used": false,
      "idw_stress": 0.3170894774510033,
      "neighbor_stress": 0.6060873866081238,
      "neighbor_summary": {
        "count": 4,
        "total": 0.6060873866081238
      },
      "node_id": 179,
      "second_order_stress": 0.688749872148037,
      "second_order_summary": {
        "count": 10,
        "total": 0.688749872148037
      },
      "stress_path_id": "intersection_stress:blend_idw_voronoi",
      "stress_source_key": "normalized_stress",
      "total_stress": 0.3170894774510033,
      "voronoi_total_stress": 1.6300283297896385,
      "zone_index": 6
    }
  ],
  "stress_path_id": "intersection_stress:blend_idw_voronoi",
  "stress_source_key": "normalized_stress"
}