{
  "edges": [
    {
      "edge_length": 0.006162528487656971,
      "edge_stress": 0.3032281138341566,
      "edge_u": 387,
      "edge_v": 116,
      "stress_penalty": 0.02668407401740578
    },
    {
      "edge_length": 0.0007637585145943149,
      "edge_stress": 0.3063035186933253,
      "edge_u": 116,
      "edge_v": 118,
      "stress_penalty": 0.026954709645012623
    }
  ],
  "intersections": [
    {
      "base_source": "blend_idw_voronoi",
      "base_stress": 0.2757643163204193,
      "blend_components": {
        "idw": 0.3024293852998381,
        "lambda": 1.0,
        "voronoi": 2.26336882263422
      },
      "blend_lambda": 1.0,
      "blended_total_stress": 0.3024293852998381,
      "camera_id": "f06979b2-3497-4330-9882-a06c8a442b7c",
      "coord": [
        -73.98684991118436,
        40.7510816792154
      ],
      "fallback_used": false,
      "idw_stress": 0.3024293852998381,
      "neighbor_stress": 0.9831224679946899,
      "neighbor_summary": {
        "count": 7,
        "total": 0.9831224679946899
      },
      "node_id": 387,
      "second_order_stress": 1.0044820383191109,
      "second_order_summary": {
        "count": 13,
        "total": 1.0044820383191109
      },
      "stress_path_id": "intersection_stress:blend_idw_voronoi",
      "stress_source_key": "normalized_stress",
      "total_stress": 0.3024293852998381,
      "voronoi_total_stress": 2.26336882263422,
      "zone_index": 3
    },
    {
      "base_source": "blend_idw_voronoi",
      "base_stress": 0.26144230365753174,
      "blend_components": {
        "idw": 0.30402684236847516,
        "lambda": 1.0,
        "voronoi": 1.5249705836176872
      },
      "blend_lambda": 1.0,
      "blended_total_stress": 0.30402684236847516,
      "camera_id": "f2964d50-042c-4021-8b52-992c08c6ff6f",
      "coord": [
        -73.99252855997325,
        40.753473912596725
      ],
      "fallback_used": false,
      "idw_stress": 0.30402684236847516,
      "neighbor_stress": 0.8154659271240234,
      "neighbor_summary": {
        "count": 5,
        "total": 0.8154659271240234
      },
      "node_id": 116,
      "second_order_stress": 0.44806235283613205,
      "second_order_summary": {
        "count": 8,
        "total": 0.44806235283613205
      },
      "stress_path_id": "intersection_stress:blend_idw_voronoi",
      "stress_source_key": "normalized_stress",
      "total_stress": 0.30402684236847516,
      "voronoi_total_stress": 1.5249705836176872,
      "zone_index": 7
    },
    {
      "base_source": "blend_idw_voronoi",
      "base_stress": 0.26144230365753174,
      "blend_components": {
        "idw": 0.30858019501817535,
        "lambda": 1.0,
        "voronoi": 1.5249705836176872
      },
      "blend_lambda": 1.0,
      "blended_total_stress": 0.30858019501817535,
      "camera_id": "f2964d50-042c-4021-8b52-992c08c6ff6f",
      "coord": [
        -73.99207900061595,
        40.754091115131246
      ],
      "fallback_used": false,
      "idw_stress": 0.30858019501817535,
      "neighbor_stress": 0.8154659271240234,
      "neighbor_summary": {
        "count": 5,
        "total": 0.8154659271240234
      },
      "node_id": 118,
      "second_order_stress": 0.44806235283613205,
      "second_order_summary": {
        "count": 8,
        "total": 0.44806235283613205
      },
      "stress_path_id": "intersection_stress:blend_idw_voronoi",
      "stress_source_key": "normalized_stress",
      "total_stress": 0.30858019501817535,
      "voronoi_total_stress": 1.5249705836176872,
      "zone_index": 7
    }
  ],
  "stress_path_id": "intersection_stress:blend_idw_voronoi",
  "stress_source_key": "normalized_stress"
}