{
  "camera_stress": {
    "332f161d-47cb-4c8a-b6b6-5ad48a55c978": {
      "normalized_stress": 0.3368711769580841
    },
    "9c4c2657-6796-4953-bbe6-c50f24bb5820": {
      "normalized_stress": 0.31635782122612
    },
    "cd949f21-54b2-4d11-8aae-4ffba8654271": {
      "normalized_stress": 0.3851757049560547
    },
    "053e8995-f8cb-4d02-a659-70ac7c7da5db": {
      "normalized_stress": 0.32938650250434875
    },
    "34674be5-4791-47f1-b0b2-2db0ff619732": {
      "normalized_stress": 0.38957056403160095
    },
    "b0cbb042-de0a-449f-b5d1-49f68a9bf2ae": {
      "normalized_stress": 0.3351910710334778
    },
    "5d055599-875a-4010-991f-e7e454889052": {
      "normalized_stress": 0.3561146557331085
    },
    "20b2298a-90cf-463f-b172-0b398a34f061": {
      "normalized_stress": 0.33638036251068115
    },
    "421960d6-54a8-4f12-a5ee-7a07390def4c": {
      "normalized_stress": 0.2887878715991974
    },
    "83655dbc-7902-4fdb-926c-15fee4396b83": {
      "normalized_stress": 0.24366243183612823
    },
    "ccd1abb9-0683-4d93-a62f-b2b121612d28": {
      "normalized_stress": 0.3458653688430786
    },
    "04e09ed5-2d97-4e29-8438-b87748850dbb": {
      "normalized_stress": 0.3050920069217682
    },
    "5caa3ace-277b-42db-97bd-585f29b0d49f": {
      "normalized_stress": 0.37745222449302673
    },
    "17b6c7dd-2aa7-442a-8832-d39051a47d1b": {
      "normalized_stress": 0.2886503040790558
    },
    "d1363c77-e061-4414-be82-e6d749254859": {
      "normalized_stress": 0.3217197358608246
    },
    "9565e94d-66f2-4965-9c13-82d5500d6cfd": {
      "normalized_stress": 0.28140127658843994
    },
    "c880d0c4-db84-44c2-9f00-62f21a83b5d0": {
      "normalized_stress": 0.33207669854164124
    },
    "5c505897-b475-4359-897d-b064bdb9feef": {
      "normalized_stress": 0.2915286719799042
    },
    "0a49d947-2a5b-498d-a386-2cef5ce883fa": {
      "normalized_stress": 0.44065016508102417
    },
    "1927b469-e2dc-4943-a70c-e6e52fd4c48c": {
      "normalized_stress": 0.25714725255966187
    },
    "1dddf912-4718-4b2a-94dd-1f793a9ed22c": {
      "normalized_stress": 0.35352760553359985
    },
    "e777e4b4-25cb-4c39-98fc-8d6b25cf7de7": {
      "normalized_stress": 0.3994585871696472
    },
    "482e6d35-2a67-4bbf-b36f-fdf7e031d607": {
      "normalized_stress": 0.30113497376441956
    },
    "879ab924-18ac-4779-a681-395d73a0f0cc": {
      "normalized_stress": 0.3380891680717468
    },
    "37e2a4b6-2fbd-42f5-9d2d-130b664783f2": {
      "normalized_stress": 0.2483692318201065
    },
    "bca4a4b0-d73f-4937-9301-85ff8293bd94": {
      "normalized_stress": 0.2508598566055298
    },
    "4f3f56e3-f68e-4b60-a4ba-153ecb9094f7": {
      "normalized_stress": 0.30098727345466614
    },
    "4f8c2e84-c15a-4474-91fb-7e14554d4c4e": {
      "normalized_stress": 0.3398089110851288
    },
    "0b4bd3d3-1741-49b3-87cc-d0960fa5f424": {
      "normalized_stress": 0.30628833174705505
    },
    "180dcc87-d861-43e3-8898-9ad5ee1a26a9": {
      "normalized_stress": 0.24819016456604004
    },
    "81db80c2-13fe-4ae7-8b47-c08aa42d512f": {
      "normalized_stress": 0.32993629574775696
    },
    "3a3d7bc0-7f35-46ba-9cca-75fe83aac34d": {
      "normalized_stress": 0.3174233138561249
    },
    "8cd15417-5b79-4065-9165-4b6ff0ff3f53": {
      "normalized_stress": 0.25732484459877014
    },
    "0c9a2836-c408-48d3-85c7-1977c33d9133": {
      "normalized_stress": 0.3163999915122986
    },
    "404fac12-9b5c-430b-a01b-12b50d39521c": {
      "normalized_stress": 0.3563496768474579
    },
    "434094f8-1be4-4c19-8067-1e11049e46b4": {
      "normalized_stress": 0.33812883496284485
    },
    "45cb119b-0e4a-442e-9410-b810ab8c255d": {
      "normalized_stress": 0.2952454090118408
    },
    "19789499-03ac-45de-9401-a7a71ea60d1e": {
      "normalized_stress": 0.30435582995414734
    },
    "4ebe49c8-3e68-43f7-b415-da3db9f72693": {
      "normalized_stress": 0.3259235620498657
    },
    "4850e464-1111-4b5d-a72d-f54a0e12a789": {
      "normalized_stress": 0.2857142984867096
    },
    "c6d013c9-e69b-4824-8dad-b6580491d916": {
      "normalized_stress": 0.2882802486419678
    },
    "3d8e276f-b179-414d-a506-679d5e559d3e": {
      "normalized_stress": 0.2805846333503723
    },
    "b5a78bda-3ca9-4ad4-bd03-4cee70baba2d": {
      "normalized_stress": 0.31703823804855347
    },
    "5bb6d7d8-39ce-43b8-b539-376fbcf73927": {
      "normalized_stress": 0.33461782336235046
    },
    "1eb66413-6761-4eb0-bc04-e2533bb74b42": {
      "normalized_stress": 0.32018405199050903
    },
    "f06979b2-3497-4330-9882-a06c8a442b7c": {
      "normalized_stress": 0.2757643163204193
    },
    "15f7a00b-5afb-4193-a5e4-dfe7710a5dfe": {
      "normalized_stress": 0.2917484641075134
    },
    "5352e130-4668-4be5-a7b9-9e1ce4ea6d4c": {
      "normalized_stress": 0.38869425654411316
    },
    "c34ca47e-e375-4b9f-a8d7-f9737566b783": {
      "normalized_stress": 0.33834394812583923
    },
    "2589c0d6-c389-4861-b812-4ae68f560eba": {
      "normalized_stress": 0.3358153700828552
    },
    "a356e2c6-7d95-4d93-85c1-da3d05485d8c": {
      "normalized_stress": 0.3196815252304077
    },
    "3f04a686-f97c-4187-8968-cb09265e08ff": {
      "normalized_stress": 0.31407976150512695
    },
    "8933100a-8229-42fe-b4b2-265db410d7ae": {
      "normalized_stress": 0.30442672967910767
    },
    "62b3062d-542f-40f1-86ec-206710e789b6": {
      "normalized_stress": 0.3210509419441223
    },
    "9e3e26ae-d49f-4f64-ba99-113b779c25a2": {
      "normalized_stress": 0.36495205760002136
    },
    "03a8a2da-3ac2-45aa-a5ba-4ff7d1ecbd22": {
      "normalized_stress": 0.26098158955574036
    },
    "326b2bab-d277-4c5a-9778-a7af791ad151": {
      "normalized_stress": 0.35305556654930115
    },
    "9e694610-60f1-4939-a1f9-1679e6408f27": {
      "normalized_stress": 0.2895541489124298
    },
    "d8122408-7092-41ba-a9db-ef8847edeaef": {
      "normalized_stress": 0.3070063889026642
    },
    "d78ebdc6-2211-479e-bda6-59d79db20258": {
      "normalized_stress": 0.3290764391422272
    },
    "1546f761-039c-4b5c-af5e-75c83c9f603f": {
      "normalized_stress": 0.3609846234321594
    },
    "d1d8cd99-7609-409a-a739-f5913dabf4e6": {
      "normalized_stress": 0.377993643283844
    },
    "76faba94-f9e5-42d7-981e-0cbbbfd4bc21": {
      "normalized_stress": 0.27815285325050354
    },
    "7a7016c5-a086-40fd-9298-90f17f8b6cea": {
      "normalized_stress": 0.31942489743232727
    },
    "78a5c61d-9dce-4b52-b0da-bf7d22c1f501": {
      "normalized_stress": 0.2643948793411255
    },
    "7e2400e3-cad2-407a-927b-d575a35048e3": {
      "normalized_stress": 0.2590445876121521
    },
    "62ecb539-5e6c-40ff-a771-ea77153cc4ed": {
      "normalized_stress": 0.2886624038219452
    },
    "dbbf45f6-7d87-46fa-825f-454a7e2bbcad": {
      "normalized_stress": 0.31054142117500305
    },
    "85809312-60f2-4a52-a694-82628529c05a": {
      "normalized_stress": 0.3145541250705719
    },
    "defa5e30-d6c7-4582-9ceb-03ff0fe7b93a": {
      "normalized_stress": 0.26771706342697144
    },
    "e229e0fd-559b-4c1e-bcba-ac23db1d01e3": {
      "normalized_stress": 0.3314649760723114
    },
    "9561ad5f-0eda-460b-ab12-41caa4e0a91e": {
      "normalized_stress": 0.31770700216293335
    },
    "a4c12003-9638-473d-bfe3-dddf509c80b8": {
      "normalized_stress": 0.35907644033432007
    },
    "ee1b1d85-e8ce-485f-a539-12962933eb9f": {
      "normalized_stress": 0.318853497505188
    },
    "83bf2591-579d-415b-a0d4-fe39868b46d1": {
      "normalized_stress": 0.3563258647918701
    },
    "f3d82b25-6b10-44c7-ae89-30df075a7ac8": {
      "normalized_stress": 0.2594267427921295
    },
    "f4d2c0f5-0148-45e7-95ba-a5185d8e8060": {
      "normalized_stress": 0.29850319027900696
    },
    "e8a479f8-5170-4f1f-b258-b9745c966c71": {
      "normalized_stress": 0.3902866244316101
    },
    "f4e822f7-d2a2-4146-851c-04b2fa6d5265": {
      "normalized_stress": 0.3003184497356415
    },
    "fc7db899-7a79-41f3-b9b1-b23ce64c5a5e": {
      "normalized_stress": 0.2992675304412842
    },